window_start,k_mgl,mg_mgl,no3,ca,nh4,site
1986-05-20,0.8166666666666667,3.1066666666666665,113.66666666666667,3.9366666666666665,NA,Q1
1986-07-22,NA,NA,NA,NA,NA,Q1
1986-09-23,0.656,2.69,126.66666666666667,4.368,25.4,Q1
1986-11-25,0.6744444444444444,2.5877777777777777,154.33333333333334,3.78,21.75,Q1
1987-01-27,0.7244444444444444,2.977777777777778,132.22222222222223,4.166666666666667,18.4,Q1
1987-03-31,0.8466666666666667,2.4299999999999997,146.44444444444446,3.7566666666666664,41.66666666666667,Q1
1987-06-02,0.8077777777777778,2.522222222222222,157.66666666666666,3.893333333333333,73.77777777777777,Q1
1987-08-04,0.77,2.1716666666666664,182.30769230769232,3.3666666666666667,44.53846153846154,Q1
1987-10-06,0.737,2.349,163.77777777777777,3.726,16.25,Q1
1987-12-08,0.7873333333333333,2.0086666666666666,162.33333333333334,3.2173333333333334,24,Q1
1988-02-09,0.90125,1.99375,206.9375,3.10375,20.6875,Q1
1988-04-12,0.8766666666666667,2.251,151.7,3.19,64.2,Q1
1988-06-14,0.7655555555555555,2.267,NA,3.2977777777777777,113,Q1
1988-08-16,0.7553846153846154,2.046666666666667,93.83333333333334,2.8038461538461537,37.2,Q1
1988-10-18,0.89375,2.61875,141.77777777777777,4.1625,46,Q1
1988-12-20,0.8588888888888889,2.502222222222222,153,4.32875,NA,Q1
1989-02-21,0.8366666666666667,2.73,130.88888888888889,4.14,NA,Q1
1989-04-25,0.9377777777777778,2.997777777777778,141,4.794444444444444,NA,Q1
1989-06-27,0.9444444444444444,2.5477777777777777,116.625,3.991111111111111,NA,Q1
1989-08-29,1.049090909090909,2.781,81.6,4.265,NA,Q1
1989-10-31,1.232,3.237,324.1,5.118,NA,Q1
1990-01-02,1.268888888888889,3.3233333333333333,118,5.847777777777778,NA,Q1
1990-03-06,1.4038461538461537,2.5215384615384617,480.6363636363637,4.291538461538462,NA,Q1
1990-05-08,1.238,3.11,208.1,5.267,NA,Q1
1990-07-10,1.0133333333333334,3.2533333333333334,117.44444444444443,5.6433333333333335,NA,Q1
1990-09-11,0.9322222222222222,2.997777777777778,97.83333333333334,5.207777777777778,NA,Q1
1990-11-13,1.0736363636363637,2.7827272727272727,132.0909090909091,4.642727272727273,NA,Q1
1991-01-15,0.8144444444444444,3.223333333333333,87.85714285714286,5.7844444444444445,NA,Q1
1991-03-19,0.8333333333333334,2.9811111111111113,59.777777777777786,5.421111111111111,NA,Q1
1991-05-21,0.914,3.0629999999999997,54.75,5.314,NA,Q1
1991-07-23,1.012,3.801,40.77777777777778,6.164,NA,Q1
1991-09-24,1.1225,2.8266666666666667,80.5,4.400833333333333,NA,Q1
1991-11-26,1.1477777777777778,3.0455555555555556,188.375,5.041111111111111,NA,Q1
1992-01-28,1.1520000000000001,3.128,151,5.376,NA,Q1
1992-03-31,1.051111111111111,3.3244444444444445,63.125,5.618888888888889,NA,Q1
1992-06-02,1.1566666666666667,2.8633333333333333,58.25,4.7877777777777775,NA,Q1
1992-08-04,1.1144444444444446,3.236666666666667,102.66666666666666,5.694444444444445,NA,Q1
1992-10-06,0.9877777777777778,3.002222222222222,76.28571428571429,5.384444444444444,NA,Q1
1992-12-08,1.0822222222222222,2.897777777777778,20.5,4.845555555555555,NA,Q1
1993-02-09,1.12,3.4466666666666668,125.33333333333333,5.72,NA,Q1
1993-04-13,1.22,3.4755555555555557,69.11111111111111,5.415555555555556,NA,Q1
1993-06-15,1.018888888888889,2.9566666666666666,39.2,5.483333333333333,NA,Q1
1993-08-17,1.0933333333333333,3.281111111111111,43.111111111111114,5.704444444444444,NA,Q1
1993-10-19,1.1277777777777778,3.2733333333333334,12.444444444444445,5.831111111111111,NA,Q1
1993-12-21,1.0355555555555556,2.8844444444444446,25.333333333333332,5.3133333333333335,NA,Q1
1994-02-22,1.0655555555555556,3.3433333333333333,86.75,5.968888888888889,NA,Q1
1994-04-26,1.1566666666666667,3.7,17.444444444444443,6.6466666666666665,NA,Q1
1994-06-28,1.143,3.505,94.75,6.196,NA,Q1
1994-08-30,1.22,3.3455555555555554,NA,6.12,NA,Q1
1994-11-01,1.0988888888888888,3.0444444444444443,109,5.645555555555555,NA,Q1
1986-05-20,0.79,3.0033333333333334,208.66666666666666,4.9,NA,Q2
1986-07-22,NA,NA,NA,NA,NA,Q2
1986-09-23,0.716,2.43,206.6,4.946,22.6,Q2
1986-11-25,0.6922222222222223,2.5211111111111113,268.1111111111111,4.742222222222222,17.25,Q2
1987-01-27,0.76,2.658888888888889,219.625,4.924444444444444,14,Q2
1987-03-31,0.9455555555555556,2.29,259.85714285714283,4.682222222222222,39,Q2
1987-06-02,0.8188888888888889,2.49,232.77777777777777,4.915555555555556,70.66666666666667,Q2
1987-08-04,0.8530769230769231,2.037692307692308,231.3846153846154,4.03,32.84615384615385,Q2
1987-10-06,0.856,2.0949999999999998,191,4.21,12.1,Q2
1987-12-08,0.8668421052631579,2.04,253.86666666666667,4.324736842105263,18.36842105263158,Q2
1988-02-09,0.7775,2.34625,185,4.33875,18.857142857142858,Q2
1988-04-12,0.807,2.187,216.7,3.868,57.55555555555556,Q2
1988-06-14,0.7545454545454545,2.2381818181818183,NA,3.561818181818182,67.5,Q2
1988-08-16,0.7761538461538462,2.0591666666666666,184.72727272727272,3.805,26.25,Q2
1988-10-18,0.8475,2.38125,224.125,4.18625,61,Q2
1988-12-20,0.9077777777777778,2.4833333333333334,219.11111111111111,4.488888888888889,NA,Q2
1989-02-21,0.8377777777777777,2.7688888888888887,224.9,4.62,NA,Q2
1989-04-25,0.9366666666666666,2.6755555555555555,174,4.58,NA,Q2
1989-06-27,1.0044444444444445,2.3566666666666665,176,4.605555555555556,NA,Q2
1989-08-29,1.1718181818181819,2.789,137.42857142857142,5.341,NA,Q2
1989-10-31,1.339,3.138,424.3,6.071,NA,Q2
1990-01-02,1.3822222222222222,3.12,194.75,6.677777777777778,NA,Q2
1990-03-06,1.393076923076923,2.46,460.9090909090909,5.222307692307692,NA,Q2
1990-05-08,1.262,3.079,301.5,6.397,NA,Q2
1990-07-10,0.9955555555555555,3.2844444444444445,177.44444444444446,7.045555555555556,NA,Q2
1990-09-11,0.8822222222222222,2.76,101,6.1322222222222225,NA,Q2
1990-11-13,1.0463636363636364,2.9263636363636363,211.45454545454547,6.368181818181818,NA,Q2
1991-01-15,0.8288888888888889,3.0255555555555556,124.71428571428571,6.865555555555556,NA,Q2
1991-03-19,0.8922222222222222,2.92,77.44444444444443,5.662222222222222,NA,Q2
1991-05-21,1.078,3.005,85.125,3.7439999999999998,NA,Q2
1991-07-23,1.271,3.157,60.2,6.536,NA,Q2
1991-09-24,1.2816666666666667,2.6133333333333333,170.83333333333331,4.645833333333333,NA,Q2
1991-11-26,1.198888888888889,3.051111111111111,296.1111111111111,5.783333333333333,NA,Q2
1992-01-28,1.284,2.969,191.11111111111111,6.08,NA,Q2
1992-03-31,1.1555555555555557,2.8533333333333335,135.125,5.455555555555556,NA,Q2
1992-06-02,1.26,2.9877777777777776,58,6.188888888888889,NA,Q2
1992-08-04,1.2733333333333332,3.04,79.66666666666667,6.444444444444445,NA,Q2
1992-10-06,1.1822222222222223,2.738888888888889,47.75,5.905555555555556,NA,Q2
1992-12-08,1.2344444444444445,3.0322222222222224,172,6.345555555555555,NA,Q2
1993-02-09,1.38,3.3477777777777775,145.5,6.855555555555555,NA,Q2
1993-04-13,1.3155555555555556,2.8722222222222222,89.75,5.665555555555556,NA,Q2
1993-06-15,1.49,3.163333333333333,95.4,7.022222222222222,NA,Q2
1993-08-17,1.2966666666666666,2.8777777777777778,61.625,6.525555555555555,NA,Q2
1993-10-19,1.3855555555555557,2.966666666666667,41.22222222222222,6.611111111111112,NA,Q2
1993-12-21,1.3711111111111112,2.694444444444444,12.5,5.996666666666667,NA,Q2
1994-02-22,1.3444444444444446,2.9522222222222223,37.5,6.587777777777778,NA,Q2
1994-04-26,1.3925,3.24125,22.25,6.95875,NA,Q2
1994-06-28,1.1633333333333333,2.4833333333333334,145.5,5.0649999999999995,NA,Q2
1994-08-30,1.32,1.975,NA,4.325,NA,Q2
1994-11-01,1.25375,2.48875,NA,5.3075,NA,Q2
1986-05-20,0.7033333333333333,3.4333333333333336,119.66666666666667,3.9533333333333336,NA,Q3
1986-07-22,NA,NA,NA,NA,NA,Q3
1986-09-23,0.566,2.606,161.5,3.606,24.6,Q3
1986-11-25,0.56,2.738888888888889,197.88888888888889,3.462222222222222,17,Q3
1987-01-27,0.6222222222222222,3.0477777777777777,193.77777777777777,3.7266666666666666,14.571428571428571,Q3
1987-03-31,0.6922222222222222,2.4544444444444444,182.11111111111111,3.428888888888889,46,Q3
1987-06-02,0.6666666666666666,2.4044444444444446,175.22222222222223,3.621111111111111,80.88888888888889,Q3
1987-08-04,0.7055555555555555,2.948888888888889,240.375,3.9033333333333333,19.75,Q3
1987-10-06,0.577,2.106,209.7,3.079,11.714285714285714,Q3
1987-12-08,0.7106666666666667,2.306,162.5,3.248,30.823529411764703,Q3
1988-02-09,0.5833333333333334,2.7488888888888887,194.77777777777777,3.462222222222222,22.444444444444443,Q3
1988-04-12,0.658,2.3890000000000002,198.6,2.8810000000000002,46.2,Q3
1988-06-14,0.677,2.584,NA,2.896,28,Q3
1988-08-16,0.5984615384615385,2.1923076923076925,140.85714285714286,2.786153846153846,42.2,Q3
1988-10-18,0.7075,2.6574999999999998,184,3.7885714285714287,57,Q3
1988-12-20,0.7922222222222223,2.761111111111111,188.88888888888889,3.87,NA,Q3
1989-02-21,0.6988888888888889,2.716666666666667,158.22222222222223,3.668888888888889,NA,Q3
1989-04-25,0.7544444444444445,2.9,145.22222222222223,4.1755555555555555,NA,Q3
1989-06-27,0.8044444444444444,2.626666666666667,111.22222222222223,3.4266666666666667,NA,Q3
1989-08-29,1.031,2.676,176.5,3.638,NA,Q3
1989-10-31,1.489,3.586,424.5,4.354,NA,Q3
1990-01-02,1.4577777777777778,3.61,262.375,5.15,NA,Q3
1990-03-06,1.406153846153846,2.644615384615385,380.25,3.683076923076923,NA,Q3
1990-05-08,1.304,3.278,308,4.443,NA,Q3
1990-07-10,1.0666666666666667,3.4144444444444444,187.375,5.423333333333333,NA,Q3
1990-09-11,0.9577777777777777,3.2544444444444447,114.55555555555556,5.295555555555556,NA,Q3
1990-11-13,0.9927272727272728,2.8363636363636364,197.5,4.458181818181818,NA,Q3
1991-01-15,0.7888888888888889,3.8155555555555556,154.28571428571428,4.995555555555556,NA,Q3
1991-03-19,0.8233333333333334,3.187777777777778,82.125,4.322222222222222,NA,Q3
1991-05-21,0.929,3.391,87.25,4.38,NA,Q3
1991-07-23,0.98,3.269,107.1,4.54,NA,Q3
1991-09-24,0.8916666666666667,3.0091666666666668,147.91666666666666,4.235833333333333,NA,Q3
1991-11-26,0.9144444444444445,3.0955555555555554,216.77777777777777,4.552222222222222,NA,Q3
1992-01-28,1.159,3.3930000000000002,167.11111111111111,5.371,NA,Q3
1992-03-31,0.9644444444444444,3.088888888888889,80,5.408888888888889,NA,Q3
1992-06-02,0.9077777777777778,2.8355555555555556,74.11111111111111,4.177777777777778,NA,Q3
1992-08-04,1.1233333333333333,2.918888888888889,49.66666666666667,4.372222222222223,NA,Q3
1992-10-06,0.9655555555555556,3.2311111111111113,51.111111111111114,4.5488888888888885,NA,Q3
1992-12-08,0.9722222222222222,3.358888888888889,22,4.488888888888889,NA,Q3
1993-02-09,0.8233333333333334,3.256666666666667,129.5,4.522222222222222,NA,Q3
1993-04-13,0.8624999999999999,3.265,119.75,3.9675,NA,Q3
1993-06-15,0.8088888888888889,2.891111111111111,65.4,4.6066666666666665,NA,Q3
1993-08-17,0.8633333333333334,3.39625,94.75,4.736666666666666,NA,Q3
1993-10-19,0.8366666666666667,3.013333333333333,22.25,4.5344444444444445,NA,Q3
1993-12-21,0.8077777777777778,2.6155555555555554,16,4.054444444444444,NA,Q3
1994-02-22,0.9011111111111111,3.312222222222222,55.66666666666667,4.912222222222222,NA,Q3
1994-04-26,0.8555555555555555,3.5833333333333335,17.11111111111111,5.291111111111111,NA,Q3
1994-06-28,0.888,3.54,97.75,5,NA,Q3
1994-08-30,0.8577777777777778,3.3277777777777775,NA,4.845555555555555,NA,Q3
1994-11-01,0.8477777777777777,3.082222222222222,NA,4.412222222222222,NA,Q3
1986-05-20,NA,NA,NA,NA,NA,MPR
1986-07-22,NA,NA,NA,NA,NA,MPR
1986-09-23,NA,NA,NA,NA,NA,MPR
1986-11-25,NA,NA,NA,NA,NA,MPR
1987-01-27,NA,NA,NA,NA,NA,MPR
1987-03-31,NA,NA,NA,NA,NA,MPR
1987-06-02,NA,NA,NA,NA,NA,MPR
1987-08-04,NA,NA,NA,NA,NA,MPR
1987-10-06,NA,NA,NA,NA,NA,MPR
1987-12-08,NA,NA,NA,NA,NA,MPR
1988-02-09,NA,NA,NA,NA,NA,MPR
1988-04-12,NA,NA,NA,NA,NA,MPR
1988-06-14,NA,NA,NA,NA,NA,MPR
1988-08-16,NA,NA,NA,NA,NA,MPR
1988-10-18,NA,NA,NA,NA,NA,MPR
1988-12-20,NA,NA,NA,NA,NA,MPR
1989-02-21,NA,NA,NA,NA,NA,MPR
1989-04-25,0.6816666666666666,1.9433333333333334,73.83333333333333,6.568333333333333,NA,MPR
1989-06-27,0.69375,1.75375,67.42857142857143,6.6,NA,MPR
1989-08-29,0.87,2.17,95.2,6.04,NA,MPR
1989-10-31,0.8814285714285715,2.5083333333333333,221.14285714285717,8.496666666666666,NA,MPR
1990-01-02,1.1322222222222222,2.22,172,9.39375,NA,MPR
1990-03-06,1.0322222222222222,2.0611111111111113,180.55555555555554,8.338888888888889,NA,MPR
1990-05-08,0.9777777777777777,2.0944444444444446,175.11111111111111,8.975555555555555,NA,MPR
1990-07-10,0.8744444444444445,2.0677777777777777,152.22222222222223,9.076666666666666,NA,MPR
1990-09-11,0.8011111111111111,1.96,107,8.11,NA,MPR
1990-11-13,0.7277777777777777,1.98,152.375,7.78,NA,MPR
1991-01-15,0.8411111111111111,2.148888888888889,127.28571428571429,7.403333333333333,NA,MPR
1991-03-19,0.735,1.4075,71.5,4.887142857142857,NA,MPR
1991-05-21,0.8200000000000001,0.9271428571428572,63,5.034,NA,MPR
1991-07-23,0.8222222222222223,2.681111111111111,52.142857142857146,8.598888888888888,NA,MPR
1991-09-24,0.72,2.09875,124,7.154999999999999,NA,MPR
1991-11-26,0.71,1.8522222222222222,119.44444444444444,7.178888888888889,NA,MPR
1992-01-28,0.9711111111111111,2.178888888888889,123.875,10.386666666666667,NA,MPR
1992-03-31,0.8444444444444444,2.7222222222222223,63.875,7.913749999999999,NA,MPR
1992-06-02,0.7966666666666666,1.961111111111111,38.111111111111114,7.605555555555556,NA,MPR
1992-08-04,0.8288888888888889,2.1733333333333333,45.22222222222222,8.617777777777778,NA,MPR
1992-10-06,0.7622222222222222,2.013333333333333,49.625,8.262222222222222,NA,MPR
1992-12-08,0.67125,1.89375,16.5,7.6274999999999995,NA,MPR
1993-02-09,0.7611111111111111,2.1966666666666668,91.66666666666667,8.618888888888888,NA,MPR
1993-04-13,0.84,2.013333333333333,52.125,7.963333333333333,NA,MPR
1993-06-15,0.76625,2.05375,57,8.865,NA,MPR
1993-08-17,0.8,2.068888888888889,50.25,8.374444444444444,NA,MPR
1993-10-19,0.72,2.0077777777777777,35.75,7.707777777777777,NA,MPR
1993-12-21,0.5,1.3522222222222222,13,6.5525,NA,MPR
1994-02-22,0.7233333333333334,2.1,7,9.082222222222223,NA,MPR
1994-04-26,0.86,2.3177777777777777,19.11111111111111,9.436666666666667,NA,MPR
1994-06-28,0.7944444444444444,2.3644444444444446,72,8.825555555555555,NA,MPR
1994-08-30,0.8522222222222222,2.1222222222222222,NA,9.213333333333333,NA,MPR
1994-11-01,0.7133333333333334,2.0877777777777777,43,7.992222222222222,NA,MPR
